app_id,onwer,email,organization,online_status
1,Babb Pratty,bpratty0@psu.edu,Dacampiaceae,true
2,Helen Fishbourn,hfishbourn1@blinklist.com,Pyrenulaceae,true
3,Gerrard Jurasek,gjurasek2@slashdot.org,Dryopteridaceae,false
4,Franklyn Jaher,fjaher3@posterous.com,Fabaceae,false
5,Vere Shakelady,vshakelady4@biglobe.ne.jp,Dactylosporaceae,false
6,Frannie Clark,fclark5@deviantart.com,Rosaceae,false
7,Tremayne Olfert,tolfert6@skyrock.com,Fagaceae,true
8,Farlie Windsor,fwindsor7@tiny.cc,Poaceae,false
9,Alaster Wrought,awrought8@studiopress.com,Asteraceae,false
10,Bayard Statersfield,bstatersfield9@toplist.cz,Fabaceae,true
11,Irwinn Limbourne,ilimbournea@indiegogo.com,Cyperaceae,true
12,Pippo Bothram,pbothramb@npr.org,Polemoniaceae,true
13,Oneida Grogor,ogrogorc@stanford.edu,Pteridaceae,false
14,Enrique Bitchener,ebitchenerd@sciencedirect.com,Scrophulariaceae,false
15,Pearla Battson,pbattsone@godaddy.com,Hydrangeaceae,false
16,Wadsworth Ipwell,wipwellf@godaddy.com,Asteraceae,true
17,Elbertina Mc Comb,emcg@state.gov,Hypnaceae,true
18,Cordey Moodey,cmoodeyh@hubpages.com,Scrophulariaceae,true
19,Lenard Tytler,ltytleri@indiatimes.com,Polemoniaceae,true
20,Wendye Wasselin,wwasselinj@rambler.ru,Solanaceae,true
21,Pooh Bartholomew,pbartholomewk@bizjournals.com,Primulaceae,true
22,Torrance Lavalde,tlavaldel@bravesites.com,Scrophulariaceae,true
23,Hartwell Bew,hbewm@salon.com,Salicaceae,true
24,Becky Acreman,bacremann@amazonaws.com,Saxifragaceae,false
25,Basilius Burgin,bburgino@independent.co.uk,Bruchiaceae,true
26,Daryn Yesson,dyessonp@independent.co.uk,Rosaceae,true
27,Carol Reichelt,creicheltq@google.co.jp,Asteraceae,false
28,Elvira Parmer,eparmerr@harvard.edu,Lamiaceae,true
29,Lizette Lanphier,llanphiers@usatoday.com,Cyperaceae,false
30,Darcy Valler,dvallert@discovery.com,Polemoniaceae,true
31,Anderson Greer,agreeru@cornell.edu,Asteraceae,false
32,Armstrong Kenryd,akenrydv@sfgate.com,Loganiaceae,false
33,Falito Dunsford,fdunsfordw@shop-pro.jp,Annonaceae,false
34,Karoly Mattek,kmattekx@geocities.jp,Polemoniaceae,false
35,Linc Birchenhead,lbirchenheady@nytimes.com,Ranunculaceae,true
36,Glennie Petrie,gpetriez@clickbank.net,Dryopteridaceae,false
37,Katalin Forrestall,kforrestall10@mapy.cz,Protothelenellaceae,false
38,Gabriela Loudyan,gloudyan11@businesswire.com,Onagraceae,true
39,Bartlet Tregona,btregona12@indiegogo.com,Cactaceae,true
40,Wakefield Palphramand,wpalphramand13@vinaora.com,Stictidaceae,false
41,Herman Adamsen,hadamsen14@samsung.com,Ranunculaceae,false
42,Faustina Colby,fcolby15@cnet.com,Apiaceae,false
43,Denyse Clever,dclever16@mail.ru,Ectolechiaceae,false
44,Batsheva Martinuzzi,bmartinuzzi17@prnewswire.com,Caryophyllaceae,true
45,Fons Ferrario,fferrario18@mayoclinic.com,Asteraceae,true
46,Daisey Grannell,dgrannell19@amazon.co.jp,Fabaceae,true
47,Arlette Tremmil,atremmil1a@desdev.cn,Polemoniaceae,true
48,Magnum Mansion,mmansion1b@mail.ru,Poaceae,false
49,Carol-jean Collin,ccollin1c@bloglovin.com,Fabaceae,true
50,Arvin Dunsmuir,adunsmuir1d@amazon.co.uk,Fabaceae,false
51,Alana Ratcliff,aratcliff1e@homestead.com,Poaceae,false
52,Gratia Kolak,gkolak1f@mediafire.com,Fabaceae,true
53,Jessie Pounsett,jpounsett1g@i2i.jp,Plantaginaceae,false
54,Carol-jean Novik,cnovik1h@nih.gov,Malvaceae,false
55,Gaston Dellow,gdellow1i@state.gov,Sapotaceae,true
56,Filippa Janiak,fjaniak1j@baidu.com,Euphorbiaceae,true
57,Eduard Rowena,erowena1k@nymag.com,Orchidaceae,false
58,Eb Krysztofiak,ekrysztofiak1l@jigsy.com,Hymeneliaceae,true
59,Dell McMylor,dmcmylor1m@myspace.com,Boraginaceae,false
60,Marcello Brolechan,mbrolechan1n@adobe.com,Papaveraceae,true
61,Melinda Antusch,mantusch1o@yale.edu,Brachytheciaceae,false
62,Julius Booeln,jbooeln1p@miibeian.gov.cn,Asteraceae,false
63,Lib McQuie,lmcquie1q@tripod.com,Rosaceae,false
64,Bree Daintith,bdaintith1r@ycombinator.com,Fabaceae,false
65,Skylar Jirus,sjirus1s@qq.com,Asteraceae,true
66,Neil Jotham,njotham1t@fema.gov,Proteaceae,true
67,Reinwald Quayle,rquayle1u@usgs.gov,Leucodontaceae,false
68,Rayshell Amy,ramy1v@walmart.com,Chenopodiaceae,false
69,Shelden Bevans,sbevans1w@fc2.com,Rutaceae,true
70,Lianne Johnson,ljohnson1x@prnewswire.com,Hymenophyllaceae,false
71,Weylin Sketcher,wsketcher1y@cocolog-nifty.com,Asteraceae,true
72,Liesa De Leek,lde1z@scientificamerican.com,Cyperaceae,false
73,Aldo Binney,abinney20@friendfeed.com,Portulacaceae,false
74,Darrell Pressland,dpressland21@slate.com,Passifloraceae,true
75,Pepe St Louis,pst22@sourceforge.net,Nymphaeaceae,true
76,Eziechiele Frankowski,efrankowski23@unesco.org,Cyperaceae,false
77,Emmit Oty,eoty24@utexas.edu,Malvaceae,false
78,Billie Weddeburn - Scrimgeour,bweddeburn25@fda.gov,Turneraceae,false
79,Rudd Jeayes,rjeayes26@bing.com,Rubiaceae,true
80,Vinni Arnould,varnould27@nhs.uk,Teloschistaceae,false
81,Marian Foldes,mfoldes28@rambler.ru,Asteraceae,true
82,Avictor Janjusevic,ajanjusevic29@wix.com,Asteraceae,false
83,Gavin Wingfield,gwingfield2a@nationalgeographic.com,Pinaceae,false
84,Clo Preto,cpreto2b@yelp.com,Scrophulariaceae,true
85,Dolley Lindenbaum,dlindenbaum2c@redcross.org,Fabaceae,true
86,Winfield Edensor,wedensor2d@360.cn,Asteraceae,true
87,Devonna Colrein,dcolrein2e@admin.ch,Loasaceae,false
88,Wandis Wayvill,wwayvill2f@ning.com,Scrophulariaceae,true
89,Dene Meriton,dmeriton2g@e-recht24.de,Parmeliaceae,true
90,Blisse Hutchings,bhutchings2h@surveymonkey.com,Asclepiadaceae,false
91,Ariela Knoles,aknoles2i@ocn.ne.jp,Euphorbiaceae,true
92,Gustaf Gallandre,ggallandre2j@dot.gov,Salicaceae,false
93,Page O'Nolan,ponolan2k@netscape.com,Boraginaceae,false
94,Willey Savery,wsavery2l@feedburner.com,Scrophulariaceae,false
95,Briana Francois,bfrancois2m@facebook.com,Polygonaceae,true
96,Gretna Kingsnoad,gkingsnoad2n@de.vu,Apiaceae,true
97,Adah Speerman,aspeerman2o@devhub.com,Araceae,false
98,Udale Upcott,uupcott2p@bizjournals.com,Asteraceae,false
99,Javier Rois,jrois2q@qq.com,Liliaceae,true
100,Barri Station,bstation2r@w3.org,Apiaceae,false
